{
  "metadata": {
    "device": "cuda",
    "n_seeds": 5,
    "max_seq_len": 32768,
    "timestamp": "2025-11-14 16:26:07"
  },
  "models": {
    "cre": {
      "params": 4760222,
      "d_model": 268,
      "n_layers": 6
    },
    "transformer": {
      "params": 4738560,
      "d_model": 256,
      "n_layers": 6
    },
    "flash": {
      "params": 4738560,
      "d_model": 256,
      "n_layers": 6
    },
    "param_ratio": 1.0045714309832523
  },
  "scaling": {
    "cre": {
      "lengths": [
        512,
        1024,
        2048,
        4096,
        8192,
        16384,
        32768
      ],
      "runtime_mean": [
        2.122084998700302,
        3.5080500034382567,
        4.96778999659,
        8.47225500328932,
        16.379315001540817,
        32.14438000286464,
        142.6669149994268
      ],
      "runtime_std": [
        0.039735541538398096,
        0.44992549132629933,
        0.08005936177241378,
        0.12010617649541412,
        0.07184440026702203,
        0.11648330123641411,
        0.22817915659794447
      ],
      "memory_mb": [
        69.7548828125,
        76.0361328125,
        88.5986328125,
        113.7236328125,
        164.9736328125,
        266.4736328125,
        466.9736328125
      ],
      "flops": [
        2427899904,
        4855799808,
        9711599616,
        19423199232,
        38846398464,
        77692796928,
        155385593856
      ],
      "oom": [
        false,
        false,
        false,
        false,
        false,
        false,
        false
      ]
    },
    "transformer": {
      "lengths": [
        512,
        1024,
        2048,
        4096,
        8192,
        16384,
        32768
      ],
      "runtime_mean": [
        2.5857649990939535,
        2.476060000481084,
        4.81840499851387,
        15.812339996045921,
        56.37825000449084,
        698.9884049966349,
        NaN
      ],
      "runtime_std": [
        1.132318678573346,
        0.8313387490246088,
        0.0894950401148065,
        0.2884165769877617,
        0.174064374248637,
        3.465958101421599,
        NaN
      ],
      "memory_mb": [
        98.9736328125,
        198.4736328125,
        590.3193359375,
        2139.4736328125,
        8311.4736328125,
        32943.4736328125,
        NaN
      ],
      "flops": [
        2617245696,
        6039797760,
        15300820992,
        43486543872,
        138512695296,
        483183820800,
        NaN
      ],
      "oom": [
        false,
        false,
        false,
        false,
        false,
        false,
        true
      ]
    },
    "flash": {
      "lengths": [
        512,
        1024,
        2048,
        4096,
        8192,
        16384,
        32768
      ],
      "runtime_mean": [
        1.6944750008406118,
        2.0104549985262565,
        2.9266200042911805,
        7.892780000111088,
        23.224010001285933,
        80.9622050015605,
        302.60266499681165
      ],
      "runtime_std": [
        0.18281980057045263,
        0.7502669919007294,
        0.07631942064753644,
        0.1295948067092571,
        0.1007368264714392,
        0.16011116317730398,
        0.4385020555978569
      ],
      "memory_mb": [
        71.4736328125,
        79.4736328125,
        96.3193359375,
        127.4736328125,
        191.4736328125,
        319.4736328125,
        575.4736328125
      ],
      "flops": [
        2617245696,
        6039797760,
        15300820992,
        43486543872,
        138512695296,
        483183820800,
        1791001362432
      ],
      "oom": [
        false,
        false,
        false,
        false,
        false,
        false,
        false
      ]
    }
  },
  "ecl": {
    "cre": {
      "512": {
        "ecl_50": 128.0,
        "ecl_75": 234.33333333333334,
        "ecl_90": 298.3333333333333,
        "ecl_95": 320.0,
        "entropy": 6.238319396972656,
        "half_life": Infinity
      },
      "1024": {
        "ecl_50": 256.0,
        "ecl_75": 469.0,
        "ecl_90": 597.3333333333334,
        "ecl_95": 639.6666666666666,
        "entropy": 6.931461334228516,
        "half_life": Infinity
      },
      "2048": {
        "ecl_50": 512.0,
        "ecl_75": 938.3333333333334,
        "ecl_90": 1195.0,
        "ecl_95": 1280.0,
        "entropy": 7.624598979949951,
        "half_life": Infinity
      },
      "4096": {
        "ecl_50": 1024.0,
        "ecl_75": 1877.6666666666667,
        "ecl_90": 2389.3333333333335,
        "ecl_95": 2560.3333333333335,
        "entropy": 8.317726135253906,
        "half_life": Infinity
      }
    },
    "transformer": {
      "512": {
        "ecl_50": 128.0,
        "ecl_75": 234.33333333333334,
        "ecl_90": 298.3333333333333,
        "ecl_95": 320.0,
        "entropy": 6.238089561462402,
        "half_life": Infinity
      },
      "1024": {
        "ecl_50": 256.0,
        "ecl_75": 469.0,
        "ecl_90": 597.3333333333334,
        "ecl_95": 639.6666666666666,
        "entropy": 6.931347370147705,
        "half_life": Infinity
      },
      "2048": {
        "ecl_50": 512.0,
        "ecl_75": 938.3333333333334,
        "ecl_90": 1195.0,
        "ecl_95": 1280.0,
        "entropy": 7.624541759490967,
        "half_life": Infinity
      },
      "4096": {
        "ecl_50": 1024.0,
        "ecl_75": 1877.0,
        "ecl_90": 2389.3333333333335,
        "ecl_95": 2560.3333333333335,
        "entropy": 8.317694028218588,
        "half_life": Infinity
      }
    },
    "flash": {
      "512": {
        "ecl_50": 128.0,
        "ecl_75": 234.33333333333334,
        "ecl_90": 298.3333333333333,
        "ecl_95": 320.0,
        "entropy": 6.23801326751709,
        "half_life": Infinity
      },
      "1024": {
        "ecl_50": 256.0,
        "ecl_75": 469.0,
        "ecl_90": 597.3333333333334,
        "ecl_95": 639.6666666666666,
        "entropy": 6.931306838989258,
        "half_life": Infinity
      },
      "2048": {
        "ecl_50": 512.0,
        "ecl_75": 938.3333333333334,
        "ecl_90": 1195.0,
        "ecl_95": 1280.0,
        "entropy": 7.6245222091674805,
        "half_life": Infinity
      },
      "4096": {
        "ecl_50": 1024.0,
        "ecl_75": 1877.0,
        "ecl_90": 2389.3333333333335,
        "ecl_95": 2560.3333333333335,
        "entropy": 8.317684491475424,
        "half_life": Infinity
      }
    }
  },
  "structural": {
    "L512": {
      "cre": [
        {
          "auc": 0.8972480928414965,
          "accuracy": 0.7458203125
        },
        {
          "auc": 0.9016548548316163,
          "accuracy": 0.76126953125
        },
        {
          "auc": 0.9000044844906762,
          "accuracy": 0.74580078125
        },
        {
          "auc": 0.9006428445881016,
          "accuracy": 0.742275390625
        },
        {
          "auc": 0.9000980284351818,
          "accuracy": 0.771630859375
        }
      ],
      "transformer": [
        {
          "auc": 0.9233039364396737,
          "accuracy": 0.745234375
        },
        {
          "auc": 0.9254786138794533,
          "accuracy": 0.76044921875
        },
        {
          "auc": 0.9253730699622166,
          "accuracy": 0.74521484375
        },
        {
          "auc": 0.9261078023180889,
          "accuracy": 0.7415625
        },
        {
          "auc": 0.9258389855978162,
          "accuracy": 0.771103515625
        }
      ],
      "flash": [
        {
          "auc": 0.9185109359380217,
          "accuracy": 0.745244140625
        },
        {
          "auc": 0.9201219736544268,